name,location,price,capacity,rating,reviews,description
Atlanta Botanical Garden,"Atlanta, GA",$$$,151-200 Guests,4.7,21,"An urban oasis nestled in the heart of Midtown, offering lush lawns and tropical foliage for weddings."
Factory Atlanta,"Atlanta, GA",$$$,300+ Guests,5,6,An industrial-chic venue perfect for creative couples looking for a unique wedding space.
Monday Night Brewing: The Garage,Metro Atlanta,$$,300+ Guests,4.9,14,A charming and inviting private event space with historic charm and natural light.
Park Tavern: The Piedmont Room & Piedmont Garden Tent,Georgia,$$,251-300 Guests,4.7,132,"Overlooks Piedmont Park, offering indoor and outdoor spaces with city skylines and seasonal colors."
Journeyman's Hall,"Atlanta, GA",$$,151-200 Guests,5,3,"A wedding venue led by Chef Vincent Marra, creating dream wedding experiences in South Downtown Atlanta."
Grana,"Atlanta, GA",$$,151-200 Guests,5,1,Offers authentic Southern Italian cuisine in a warm and inviting setting with three levels of event space.
Ambient + Studio,"Atlanta, GA",$$,251-300 Guests,4.4,9,"A unique wedding venue built in 1910, offering a historic and creative space for events."
FORTH Hotel Atlanta,Georgia,$$$$,201-250 Guests,0,0,A luxury venue in Old Fourth Ward with an elegant ballroom and rooftop views.
Hyatt Regency Atlanta Perimeter at Villa Christina,"Atlanta, GA",$$$,300+ Guests,4.6,63,"Surrounded by landscaped gardens, offering captivating views of nature's beauty for weddings."
Wahoo! Grill,"Decatur, GA",$$,201-250 Guests,5,100,A full-service wedding venue with outstanding staff to create memorable events.
Ecco Buckhead,"Atlanta, GA",$$$,300+ Guests,0,0,"An elegant restaurant venue in Buckhead, perfect for weddings and bridal events."
The Kimpton Shane,Atlanta,$$$,51-100 Guests,0,0,A boutique hotel with stunning architecture and stylish furnishings for intimate weddings.
The White Bull,"Decatur, GA",$$,51-100 Guests,0,0,A restaurant venue specializing in Italian farm-to-table cuisine with an event space.
Emory Conference Center Hotel,"Atlanta, GA",$$,300+ Guests,4.8,41,"An elegant venue with unique surroundings, close to Hartsfield International Airport."
Swan Coach House,"Atlanta, GA",$$,101-150 Guests,5,7,A historic and elegant wedding venue in the residential heart of Buckhead.
Historic DeKalb Courthouse,"Decatur, GA",$$,101-150 Guests,4.9,92,A premier wedding venue with an elegant courtroom and historic charm.
Renaissance Atlanta Midtown Hotel,Midtown Atlanta,$$$,300+ Guests,5,2,"Located in the arts and music district, offering a prime location for weddings."
The Wimbish House,"Atlanta, GA",$$,201-250 Guests,4.9,85,"A Victorian-era home in Midtown, a destination for weddings for nearly a century."
SCAD Ivy Hall,Georgia,$$,101-150 Guests,4.5,4,A historic wedding venue designed by renowned architect Gottfried L. Norrman.
Epicurean Hotel Atlanta,"Atlanta, GA",$$$,101-150 Guests,5,3,A luxe and lavish wedding venue with sleek modern architecture.
Callanwolde Fine Arts Center,"Atlanta, GA",$$$,151-200 Guests,4.6,38,A unique wedding venue with a century-long legacy in Druid Hills neighborhood.
Intercontinental Buckhead Atlanta,"Atlanta, GA",$$$,300+ Guests,5,8,"Combines classic charm with modern luxury, designed to inspire awe."
Wrecking Bar Brewpub,"Atlanta, GA",$$,201-250 Guests,5,9,A historic mansion with Victorian-era architecture in the heart of Atlanta.
Waldorf Astoria Atlanta Buckhead,"Atlanta, GA",$$$$,51-100 Guests,4.9,7,A luxurious venue with Southern charm in a prestigious neighborhood.
Hotel Colee,"Atlanta, GA",$$$,251-300 Guests,0,0,An award-winning hotel with modern amenities for wedding celebrations.
The Westside Warehouse,"Atlanta, GA",$$,201-250 Guests,5,37,A converted warehouse with cathedral ceilings in a creative district.
42West Entertainment Group,"Atlanta, GA",$$$,251-300 Guests,5,6,Offers a blend of industrial modernity and refined elegance for weddings.
THE TROLLEY BARN,"Atlanta, GA",$$,201-250 Guests,4.2,41,A historic 1889 structure with hardwood floors and garden areas.
Kimpton Sylvan Hotel,"Atlanta, GA",$$$,101-150 Guests,1,1,A boutique hotel in Buckhead offering access to luxury amenities.
Grand Hyatt Atlanta in Buckhead,"Atlanta, GA",$$$,300+ Guests,5,4,An urban retreat with tenured staff to create unforgettable wedding experiences.
Renaissance Concourse Atlanta Airport Hotel,"Atlanta, GA",$$$,300+ Guests,0,0,An elegant wedding venue combining luxury and convenience.
Enon Ranch,"Atlanta, GA",$$,251-300 Guests,5,2,A rustic event space offering countryside views.
Pristine Chapel Lakeside,"Jonesboro, GA",$$,251-300 Guests,4.8,103,A luxe ceremony and reception venue with lakeside views.
Stanley House Mansion,"Marietta, GA",$$,101-150 Guests,5,48,A historic mansion with classic Southern charm.
Brick and Ivey,"Marietta, GA",$$,151-200 Guests,5,100,A modern wedding venue with exposed brick walls and separate event spaces.
The Atrium,"Norcross, GA",$$,101-150 Guests,4.9,151,A contemporary venue with a glass atrium overlooking gardens.
Primrose Cottage,"Roswell, GA",$$,300+ Guests,4.9,272,An enchanting venue on a historic front lawn.
Kimball Hall,"Roswell, GA",$$,151-200 Guests,5,162,A newly renovated venue with indoor and outdoor spaces.
Roswell Historic Hall,"Roswell, GA",$$,300+ Guests,4.3,49,A historic event venue for various celebrations.
Naylor Hall,"Roswell, GA",$$,201-250 Guests,5,173,A historic mansion with modern renovations.
Vecoma At The Yellow River,"Snellville, GA",$$,251-300 Guests,4.9,199,An all-inclusive wedding venue on 70 acres.
Ivy Hall,"Roswell, GA",$$$,201-250 Guests,4.9,89,A historic venue part of Roswell Mill.
Flint Hill,"Norcross, GA",$$,251-300 Guests,4.8,205,A restored historic mansion with landscaped grounds.
Olde Towne Special Events,"Marietta, GA",$$,251-300 Guests,5,66,A full-service events facility with a stylish backdrop.
Country Club of Roswell,"Roswell, GA",$$,201-250 Guests,4.7,23,Flexible venue for intimate or large celebrations.
Little Gardens,"Lawrenceville, GA",$$,251-300 Guests,4.9,215,A serene venue with a manor house and gardens.
The 173 Carlyle House,"Norcross, GA",$$,300+ Guests,4.8,109,A turn-of-the-century mansion with manicured grounds.
The Foxglove,"Marietta, GA",$$,300+ Guests,5,3,A characterful venue in the historic district.
Roswell Mill Club,"Roswell, GA",$$,151-200 Guests,4.8,41,A historic venue with a club setting.
Eden Garden House,"Lithonia, GA",$$$,151-200 Guests,0,0,A garden venue for special events.
Huntcliff River Club,"Atlanta, GA",$$,101-150 Guests,4.9,30,A charming venue surrounded by river oaks.
The Reserves at Hamilton Homes,"Mableton, GA",$$$,101-150 Guests,5,1,A venue with sunset views and timeless interiors.
Whitestone Reserve,"Austell, GA",$$,101-150 Guests,5,21,A modern venue with chandeliers and natural lighting.
Brumby Hall & Gardens,"Marietta, GA",$$,151-200 Guests,4,2,A historic wedding venue with meticulously kept gardens.
Chattahoochee Nature Center,"Roswell, GA",$$,151-200 Guests,4.8,38,A nature preserve offering natural beauty.
Westin Atlanta Airport,"Atlanta, GA",$$$,300+ Guests,4,4,A convenient hotel near the airport.
Ashton Gardens Atlanta by Walters Wedding Estates,"Sugar Hill, GA",$$$,251-300 Guests,4.8,477,A premier venue with a glass chapel.
The Cotton Gin at Mill Creek,"Hiram, GA",$$,151-200 Guests,5,96,An all-inclusive wedding venue with a no-fee guarantee.
Conservatory at Waterstone,"Acworth, GA",$$,201-250 Guests,4.9,102,A historic banquet hall with full-service solutions.
The Wildflower Barn at Little River Farms,"Alpharetta, GA",$,101-150 Guests,5,81,"The Wildflower Barn at Little River is a historic, family owned barn that has been renovated to accommodate weddings and special events."
Little River Farms,"Alpharetta, GA",$$,201-250 Guests,4.9,188,"Little River Farms is a wedding venue in Alpharetta, GA, located just 30 minutes away from downtown Atlanta, offering a peaceful retreat."
Payne Corley House,"Duluth, GA",$$,151-200 Guests,5,190,The Payne-Corley House is a restored farmhouse offering a tranquil retreat for celebrations with picturesque grounds.
The Grande At Kennesaw,"Kennesaw, GA",$$,201-250 Guests,4,10,The Grande At Kennesaw is a charming Victorian-style farmhouse nestled on 2.5 acres of landscaped gardens.
Foxhall Resort,"Douglasville, GA",$$$,201-250 Guests,4.2,63,"Foxhall Resort is a picturesque wedding venue providing couples with a full weekend experience on 1,100 acres."
SomeTheme Weddings & Events,Metro Atlanta and Surrounding Areas,$$$,51-100 Guests,5,6,"This venue offers timeless elegance with 11 ft windows and a modern, non-rustic feel."
Venue 92,"Woodstock, GA",$$,151-200 Guests,4.9,89,"Venue 92 can accommodate any vision, from romantic gardens to glamorous evenings or lively parties."
Che\'ne Rouge,"Hiram, GA",$$,151-200 Guests,4.9,7,"Che\'ne Rouge Weddings offers an elegant setting for weddings in Hiram, Georgia."
TPC Sugarloaf,"Duluth, GA",$$$,201-250 Guests,5,36,TPC Sugarloaf is an elegant wedding venue with a clubhouse overlooking a championship golf course.
Douglasville Conference Center,"Douglasville, GA",$$,300+ Guests,3,1,"Based in Douglasville, GA, the Douglasville Conference Center offers elegant spaces and exemplary service."
Hilton Alpharetta Atlanta,"Alpharetta, GA",$$,251-300 Guests,5,1,Hilton Alpharetta Atlanta is a new full-service hotel perfect for sophisticated events.
Governors Towne Club,"Acworth, GA",$$,201-250 Guests,4.2,13,Governors Towne Club is an elegant venue with a golf course and sophisticated spaces.
Genesis Ballroom,Atlanta Metropolitan Area,$$,251-300 Guests,,,Genesis Ballroom is an opulent wedding venue blending elegance and industrial styles.
Vines Mansion & Gardens,"Loganville, GA",$$,300+ Guests,4.6,31,Vines Mansion offers an open vendor policy and stunning gardens for weddings.
Hazlehurst House,"McDonough, GA",$$,251-300 Guests,4.8,54,Hazlehurst House is a wedding venue on three acres with indoor and outdoor spaces.
Kite Manor Events & Studio,"Fayetteville, GA",$$$,51-100 Guests,,,Kite Manor offers modern indoor and rustic outdoor spaces for weddings.
Atlanta Marriott Alpharetta,"Alpharetta, GA",$$,300+ Guests,5,2,Atlanta Marriott Alpharetta is a luxurious hotel for sophisticated events.
Cherry Hollow Farm,"Chattahoochee Hills, GA",$$,151-200 Guests,5,6,Cherry Hollow Farm is an indoor/outdoor venue with two bars and a cocktail lounge.
St Ives Country Club,"Johns Creek, GA",$$$,201-250 Guests,4.7,14,St Ives Country Club is a stunning venue with a clubhouse on a high point.
Breckinridge Banquet Hall,"Duluth, GA",$$,101-150 Guests,4.8,27,Breckinridge Banquet Hall offers an upscale location for wedding celebrations.
Atlanta Cosmopolitan Event Center,"Douglasville, GA",,,0,0,Atlanta Cosmopolitan Event Center provides everything needed for a dream wedding.
The Wheeler House and Barn,"Ball Ground, GA",$$,251-300 Guests,4.9,117,The Wheeler House and Barn is a rustic venue with Southern charm.
Carl House,"Auburn, GA",$$$,201-250 Guests,4.8,185,Carl House is a historic home with beautiful grounds for elegant weddings.
The Venue at Stillwater Pond,"Temple, GA",$$,151-200 Guests,,,The Venue at Stillwater Pond is a picturesque venue with forest and pasture views.
Lanier Islands Weddings,"Buford, GA",$$$,300+ Guests,4.7,170,Lanier Islands Weddings offers breathtaking backdrops and various venues.
The Engine Room,"Monroe, GA",,300+ Guests,,,The Engine Room offers historical elegance with modern convenience.
Bradford House and Gardens,"Flowery Branch, GA",$$,101-150 Guests,5,42,Bradford House and Gardens is a classic southern home on seven acres.
In The Woods,"Rockmart, GA",$$$,201-250 Guests,5,23,In The Woods is a state-of-the-art wedding venue on a secluded property.
Koury Farms Weddings & Events,"Auburn, GA",$$,151-200 Guests,5,110,Koury Farms offers a unique wedding experience with attention to detail.
Vinewood Stables,"Newnan, GA",$$$,201-250 Guests,4.9,88,Vinewood Stables is a historic homestead with a charming farmhouse.
Bullock Springs Manor,"Dallas, GA",$$,151-200 Guests,4.4,16,"Located on 8 acres of luscious land in Dallas, GA, Bullock Springs Manor is a premier barn and farm wedding venue."
Lillian Gardens,"Newnan, GA",$$$,151-200 Guests,5,37,Lillian Gardens is a full-service event venue dedicated to providing professional planning services for all special occasions.
Four Oaks Manor,"North Georgia, Metro-Atlanta",$$,101-150 Guests,4.7,50,"Four Oaks Manor is a garden wedding venue located in Buford, GA."
Fendley Farmstead LLC,"Canton, GA",$$,151-200 Guests,5,114,"Fendley Farmstead, LLC is a picturesque farm wedding venue located in Canton, GA."
Hi-Def Events,"Newnan, GA",$$,251-300 Guests,5,11,Hi-Def Events offers a modern yet timeless event venue setting ideal for wedding celebrations.
The Gathering at Golden Creek,"Bremen, GA",$$$,201-250 Guests,0,0,"Situated on 23 acres of peaceful property, The Gathering at Golden Creek is a wedding venue located in Bremen, GA."
Mystic Acres Barn,"Griffin, GA",$$,251-300 Guests,0,0,"Mystic Acres Barn is a beautiful wedding venue located in Griffin, GA."
Cherokee County Conference Center @ The Bluffs,"Canton, GA",Not Available,251-300 Guests,5,3,"Over 8,000 sq ft of conference space, Four configurable conference floor areas."
"The Venue at Sharp Mountain, LLC","Jasper, GA",$$$,251-300 Guests,5,53,"The Venue at Sharp Mountain, LLC is a wedding and events venue located in Jasper, GA."
The Willows Farm,"Marble Hill, GA",$$,201-250 Guests,5,96,"Located in Marble Hill, GA, The Willows Farm is a country event venue that hosts weddings and other special occasions."
The Farm At Rivers Edge,"Dawsonville, GA",$$,51-100 Guests,0,0,"Nestled in the heart of Dawsonville, GA, The Farm at River’s Edge is the perfect destination for an unforgettable river wedding."
Sage Cottage,"Adairsville, GA",$$,151-200 Guests,4.6,11,"Where Cozy Cottage Charm Meets Timeless Elegance Welcome to Sage Cottage, the premier wedding venue in North Georgia."
White Laurel Estate,"Dawsonville, GA",$$$,151-200 Guests,5,39,White Laurel Estate is a former equestrian farm now transformed into a beautiful wedding venue with onsite accommodations.
The Georgia Club,"Statham, GA",$$$,251-300 Guests,4.8,5,"The Georgia Club is a one-of-a-kind wedding venue in Statham, GA."
Stone Creek Inn,"Rockmart, GA",$$,101-150 Guests,4.9,8,"In Rockmart, GA, Stone Creek Inn is a charming wedding venue nestled on 20 acres of rugged wooded land."
Harrells Vineyard,"Newnan, GA",$$,300+ Guests,0,0,"Harrell’s Vineyard is a serene and picturesque wedding venue in Newnan, GA."
Hightower Falls,"Cedartown, GA",$$,251-300 Guests,4.9,92,"Always dreamed of a waterfall wedding? Hightower Falls is a picturesque wedding venue located in Cedartown, Georgia."
The Tate House,"Tate, GA",$$$,201-250 Guests,4.9,34,"The Tate House is a historic wedding venue situated in Tate, GA, an hour’s drive from downtown Atlanta."
Beautiful Beginnings Farm,"Newborn, GA",$,101-150 Guests,5,133,Hello everyone. We are pleased to introduce ourselves to you. Our names are David and Lisa.
Spring Lake Events,"Rockmart, GA",$$,151-200 Guests,5,20,The calm waters of our beautiful lake and the wispy willow trees framed in cattails will take your breath away at Spring Lake.
Barn South,"Talmo, GA",Not Available,201-250 Guests,5,11,Welcome to Barn South. We think you’ll feel at home here.
Downtown Moreland Mill,"Moreland, GA",Not Available,Not Available,5,2,"Downtown Moreland Mill is a wedding and events venue located in Moreland, GA."
Magnolia Creek Farms,"Adairsville, GA",$$$,300+ Guests,5,5,"Located in Adairsville, GA, Magnolia Creek Farms is a countryside setting ideal for weddings and special occasions."
Autumn Oaks of Winder,"Winder, GA",$$,101-150 Guests,5,2,"In the heart of Winder, GA, sits a charming wedding venue, perfect for hosting your celebration."
Swan Lake Overlook,"Dawsonville, GA",$$$,251-300 Guests,5,11,"Nestled in the countryside of Dawsonville, GA, Swan Lake Overlook is a modern and elegant wedding venue."
Gaither's at Myrtle Creek Farm,"Covington, GA",$$,151-200 Guests,5,3,"Located in the rolling hills of Covington, GA, in Southern Newton County sits Gaither's at Myrtle Creek Farm."
"Thompson House & Gardens, 9 Oaks Farm, & 2425 Warehouse","Monroe, GA",$$,151-200 Guests,4.9,68,"The Thompson House and Gardens which is a stunning vintage Victorian home built in 1888 in Bogart, Georgia."
The Sixty Two,"Madison, GA",$$,151-200 Guests,5,2,"The Sixty Two is a unique wedding venue in Atlanta, GA, that sets the stage for the celebration of a lifetime."
2400 On The River,"Ranger, GA",$$$,201-250 Guests,4.9,35,"2400 On The River is a rustic riverfront wedding venue located near Calhoun, GA."
The Chapel Athens,"Athens, GA",$$$,251-300 Guests,5,17,"Situated in Athens, GA, The Chapel Athens is a pristine downtown estate for weddings, engagements, and anniversaries."
Juliette Chapel,"Dahlonega, GA",$$,51-100 Guests,5,36,"Juliette Chapel & Events in Dahlonega, GA is a wedding venue ideal for intimate affairs."
Twin Ponds at Riverbend,"Plainville, GA",$$,151-200 Guests,5,1,"Twin Ponds at Riverbend is a breathtaking wedding venue in Plainville, GA, setting the stage for couples to create unforgettable memories."
1051 Baxter,"Athens, GA",$$,251-300 Guests,5,1,"1051 Baxter is a brand new events facility in the heart of Athens, GA."
"Bogle Farm, LLC","Greenville, GA",$$$,251-300 Guests,4.9,45,"Bogle Farm, LLC is an award-winning, idyllic wedding venue located in Greenville, GA."
Falling Waters Mountain Lodge,"Ellijay, GA",,,5,1,"Falling Waters Mountain Lodge in Ellijay, GA is a rural retreat and wedding venue."
Summit Farm Weddings,"Ellijay, GA",$$,101-150 Guests,4.9,112,Summit Farm Weddings is an enchanting countryside event venue with panoramic views of the Appalachian Mountains.
Ivy & Oak,"Talking Rock, GA",$$,151-200 Guests,5,35,Ivy & Oak is a breathtaking venue nestled in the North Georgia mountains with a chic and elegant design.
255 Milledge | Hardeman-Sams Estate,"Athens, GA",$$$,151-200 Guests,4.9,118,"255 Milledge is a historic estate in Athens, GA, ideal for extraordinary celebrations."
Georgian Hall,"Athens, GA",$$$,201-250 Guests,5,103,"The Georgian Hall is a historic wedding venue in Athens, GA, ideal for ceremonies and receptions."
Ott Vineyards and Winery,"Ellijay, GA",,,0,0,"Ott Vineyards and Winery is a family-owned wedding venue located in Ellijay, GA."
27 on Park,"Dahlonega, GA",$$$,51-100 Guests,5,3,"27 on Park is a boutique hotel and wedding venue located in downtown Dahlonega, GA."
The Venue on Broad,"Athens, GA",$$,201-250 Guests,5,4,The Venue on Broad offers a unique style that fuses an old New Orleans vibe with industrial architecture.
Taylor Estate,"Rome, GA",,Up to 350 Guests,5,2,"The Lodge at Taylor Estate is a newly-built, elegant venue that can accommodate up to 350 guests."
Strawberry Roan Farm's Barn,"Dahlonega, GA",$$,101-150 Guests,5,1,"Strawberry Roan Farm's Barn is a rustic-chic venue in Dahlonega, GA."
The Falls at Blue Ridge,"Blue Ridge, GA",$$$$,251-300 Guests,4.3,4,The Falls at Blue Ridge is a stunning wedding venue offering breathtaking views and rustic-luxury spaces.
CeNita Venue at CeNita Vineyards & Winery,"Cleveland, GA",$$,151-200 Guests,5,73,"CeNita Venue at CeNita Vineyards is a wedding venue overlooking a vineyard in Cleveland, GA."
South Elm Events,"Commerce, GA",$$,101-150 Guests,5,1,"South Elm Events is a venue for weddings and celebrations in Commerce, GA."
Cloverleaf Farm,"Arnoldsville, GA",$$,300+ Guests,4.9,72,"Cloverleaf Farm is a stunning wedding venue set amidst a 30-acre farm near Athens, GA."
Yonah Mountain Vineyards,"Cleveland, GA",$$$,201-250 Guests,4.9,49,"Yonah Mountain Vineyards is a charming wedding venue in Cleveland, GA."
Grant Hill Farms,"Commerce, GA",$$,201-250 Guests,5,68,"The Venue at Grant Hill Farms is a peaceful farmland wedding venue in Commerce, GA."
Cormiston Farms,"Clarkesville, GA",$$$,101-150 Guests,5,4,"Cormiston Farms is a scenic country wedding venue in Clarkesville, GA."
Enotah Valley Event Center,"Blairsville, GA",$$,51-100 Guests,5,5,"Enotah Valley Event Center is a rustic wedding venue in Blairsville, GA."
Fall Line Station,"Macon, GA",$$$,300+ Guests,4.9,13,"Fall Line Station is an industrial-chic wedding venue in Macon, GA."
Valhalla Resort Hotel,"Helen, GA",$$,51-100 Guests,4.9,2,Valhalla Resort Hotel is a destination wedding venue with an Old World Scottish Castle ambiance.
Wynnewood Grove,"Lexington, GA",$$,251-300 Guests,0,0,"Wynnewood Grove is a historic and romantic wedding venue in Lexington, GA."
Butler Hall Events,"Gray, GA",$$,201-250 Guests,5,1,"Butler Hall Events is a historic wedding venue in Gray, Georgia."
McEachin Farm,"Danielsville, GA",$$,101-150 Guests,5,2,"McEachin Farm is a stunning wedding venue in Danielsville, GA."
Brasstown Valley Resort & Spa,"Young Harris, GA",$$$,151-200 Guests,4.9,79,Brasstown Valley Resort & Spa is a wedding venue with mountain views and resort amenities.
Walnut Hill Farm,"Dalton, GA",$$,300+ Guests,4.8,16,Walnut Hill Farm offers classic Southern elegance in the North Georgia Mountains.
Overlook 55,"Young Harris, GA",$$$$,151-200 Guests,5,7,Overlook 55 is a captivating wedding venue blending rustic charm with timeless elegance.
The Ridges Resort on Lake Chatuge,"Hiawassee, GA",$$$,201-250 Guests,4.9,46,"The Ridges Resort on Lake Chatuge is the only lakeside mountain resort in Georgia, surrounded by the Blue Ridge mountains with a grand ballroom."
Currahee Club,"Toccoa, GA",$$$,101-150 Guests,5,10,Currahee Club offers serene lake and mountain views with a blend of sophistication and rustic charm.
Lake Rabun Hotel & Restaurant,"Lakemont, GA",$$,101-150 Guests,5,2,"Lake Rabun Hotel features two covered decks, a wood-burning fireplace, and a cozy indoor gas fireplace."
The Estate at Stone Creek,"Macon, GA",$$,201-250 Guests,4.8,5,"The Estate at Stone Creek is a historic venue with over 100 acres of landscape and a 2,900 sq. ft. event space."
Bend of The River,"Hiawassee, GA",$$,300+ Guests,0,0,Bend of the River is a tranquil venue with a 100-foot waterfall on Lake Chatuge.
Rustic Vows,"Mineral Bluff, GA",$$,51-100 Guests,0,0,Rustic Vows offers a barn-style setting for intimate weddings in Mineral Bluff.
Meadows at Mossy Creek,"Cleveland, GA",$$$$,251-300 Guests,5,39,"Meadows at Mossy Creek is a stylish, contemporary venue with indoor and outdoor spaces."
The Dogwood Barn at G5Ranch,"Milledgeville, GA",$$$,300+ Guests,5,16,"The Dogwood Barn is a rustic, romantic venue on over 600 acres in Milledgeville."
Hawkesdene,"Andrews, NC",$$$,101-150 Guests,5,58,Hawkesdene is a private mountain estate in Western North Carolina near Atlanta.
The Venue at Tryphena's Garden,"Fort Valley, GA",$$,151-200 Guests,4.9,18,Tryphena's Garden is a fairytale-like venue near Atlanta and Macon.
Skull Shoals Park,"Washington, GA",$$,300+ Guests,0,0,Skull Shoals Park offers outdoor options for couples wanting a natural setting.
Splendor Mountain,"Tiger, GA",$$,51-100 Guests,4.7,27,Splendor Mountain is an intimate wedding venue in the Blue Ridge Mountains.
Cloudland at McLemore Resort,"Rising Fawn, GA",$$$,251-300 Guests,4.2,6,"Cloudland at McLemore Resort offers breathtaking views at 2,300 feet above sea level."
Windsong Willows,"Hayesville, NC",$$,101-150 Guests,5,3,Windsong Willows is a charming venue in the Blue Ridge Mountains for nature-based weddings.
Tiger Mountain Vineyards,"Tiger, GA",$$$,101-150 Guests,5,1,Tiger Mountain Vineyards offers a romantic vineyard setting for outdoor weddings.
Kingsland Farm,"Hawkinsville, GA",$$,151-200 Guests,5,1,"Kingsland Farm is a picturesque, rustic venue in the countryside."
Forest Hill Park,"Perry, GA",$$,51-100 Guests,4.9,21,"Forest Hill Park features a white chapel, train car, and covered bridge for weddings."
The Icehouse Dublin,"Dublin, GA",$$,300+ Guests,0,0,The Icehouse Dublin is a restored warehouse blending Southern style with modern flair.
The Partridge Inn,"Augusta, GA",$$$,101-150 Guests,3.7,3,"The Partridge Inn is an elegant, historic hotel for milestone celebrations."
Padgett's Farm,"Waynesboro, GA",$$$,251-300 Guests,5,1,Padgett's Farm is a 610-acre venue offering a country wedding setting.
Augusta Marriott Hotel & Suites,"Augusta, GA",$$,300+ Guests,4.3,6,Augusta Marriott is a waterfront hotel with a redesigned guest experience.
Quinney Oaks Plantation,"Millen, GA",$$,300+ Guests,4.8,18,Quinney Oaks Plantation hosts various events with a focus on making each occasion special.
